REGIONID,INTERVAL_DATETIME,OPERATIONAL_DEMAND
NSW1,2022/09/18 00:00:00,7568
QLD1,2022/09/18 00:00:00,5575
SA1,2022/09/18 00:00:00,1578
TAS1,2022/09/18 00:00:00,1071
VIC1,2022/09/18 00:00:00,5349
NSW1,2022/09/18 00:30:00,7356
QLD1,2022/09/18 00:30:00,5399
SA1,2022/09/18 00:30:00,1551
TAS1,2022/09/18 00:30:00,1058
VIC1,2022/09/18 00:30:00,5172
NSW1,2022/09/18 01:00:00,7167
QLD1,2022/09/18 01:00:00,5269
SA1,2022/09/18 01:00:00,1551
TAS1,2022/09/18 01:00:00,1042
VIC1,2022/09/18 01:00:00,4968
NSW1,2022/09/18 01:30:00,6986
QLD1,2022/09/18 01:30:00,5187
SA1,2022/09/18 01:30:00,1503
TAS1,2022/09/18 01:30:00,1034
VIC1,2022/09/18 01:30:00,4831
NSW1,2022/09/18 02:00:00,6774
QLD1,2022/09/18 02:00:00,5106
SA1,2022/09/18 02:00:00,1462
TAS1,2022/09/18 02:00:00,1028
VIC1,2022/09/18 02:00:00,4623
NSW1,2022/09/18 02:30:00,6571
QLD1,2022/09/18 02:30:00,5055
SA1,2022/09/18 02:30:00,1386
TAS1,2022/09/18 02:30:00,1024
VIC1,2022/09/18 02:30:00,4475
NSW1,2022/09/18 03:00:00,6420
QLD1,2022/09/18 03:00:00,5042
SA1,2022/09/18 03:00:00,1329
TAS1,2022/09/18 03:00:00,1034
VIC1,2022/09/18 03:00:00,4381
NSW1,2022/09/18 03:30:00,6272
QLD1,2022/09/18 03:30:00,5010
SA1,2022/09/18 03:30:00,1294
TAS1,2022/09/18 03:30:00,1040
VIC1,2022/09/18 03:30:00,4296
NSW1,2022/09/18 04:00:00,6232
QLD1,2022/09/18 04:00:00,5005
SA1,2022/09/18 04:00:00,1265
TAS1,2022/09/18 04:00:00,1039
VIC1,2022/09/18 04:00:00,4255
NSW1,2022/09/18 04:30:00,6252
QLD1,2022/09/18 04:30:00,5033
SA1,2022/09/18 04:30:00,1235
TAS1,2022/09/18 04:30:00,1044
VIC1,2022/09/18 04:30:00,4241
NSW1,2022/09/18 05:00:00,6265
QLD1,2022/09/18 05:00:00,5048
SA1,2022/09/18 05:00:00,1236
TAS1,2022/09/18 05:00:00,1045
VIC1,2022/09/18 05:00:00,4204
NSW1,2022/09/18 05:30:00,6371
QLD1,2022/09/18 05:30:00,5103
SA1,2022/09/18 05:30:00,1230
TAS1,2022/09/18 05:30:00,1061
VIC1,2022/09/18 05:30:00,4260
NSW1,2022/09/18 06:00:00,6461
QLD1,2022/09/18 06:00:00,5124
SA1,2022/09/18 06:00:00,1238
TAS1,2022/09/18 06:00:00,1068
VIC1,2022/09/18 06:00:00,4313
NSW1,2022/09/18 06:30:00,6538
QLD1,2022/09/18 06:30:00,5099
SA1,2022/09/18 06:30:00,1252
TAS1,2022/09/18 06:30:00,1097
VIC1,2022/09/18 06:30:00,4445
NSW1,2022/09/18 07:00:00,6537
QLD1,2022/09/18 07:00:00,4952
SA1,2022/09/18 07:00:00,1286
TAS1,2022/09/18 07:00:00,1135
VIC1,2022/09/18 07:00:00,4534
NSW1,2022/09/18 07:30:00,6404
QLD1,2022/09/18 07:30:00,4851
SA1,2022/09/18 07:30:00,1271
TAS1,2022/09/18 07:30:00,1134
VIC1,2022/09/18 07:30:00,4564
NSW1,2022/09/18 08:00:00,6341
QLD1,2022/09/18 08:00:00,4641
SA1,2022/09/18 08:00:00,1273
TAS1,2022/09/18 08:00:00,1169
VIC1,2022/09/18 08:00:00,4646
NSW1,2022/09/18 08:30:00,6339
QLD1,2022/09/18 08:30:00,4440
SA1,2022/09/18 08:30:00,1256
TAS1,2022/09/18 08:30:00,1182
VIC1,2022/09/18 08:30:00,4742
NSW1,2022/09/18 09:00:00,6169
QLD1,2022/09/18 09:00:00,4232
SA1,2022/09/18 09:00:00,1183
TAS1,2022/09/18 09:00:00,1177
VIC1,2022/09/18 09:00:00,4813
NSW1,2022/09/18 09:30:00,6007
QLD1,2022/09/18 09:30:00,4074
SA1,2022/09/18 09:30:00,1078
TAS1,2022/09/18 09:30:00,1184
VIC1,2022/09/18 09:30:00,4878
NSW1,2022/09/18 10:00:00,5752
QLD1,2022/09/18 10:00:00,3888
SA1,2022/09/18 10:00:00,1086
TAS1,2022/09/18 10:00:00,1182
VIC1,2022/09/18 10:00:00,4928
NSW1,2022/09/18 10:30:00,5514
QLD1,2022/09/18 10:30:00,3710
SA1,2022/09/18 10:30:00,991
TAS1,2022/09/18 10:30:00,1187
VIC1,2022/09/18 10:30:00,4824
NSW1,2022/09/18 11:00:00,5248
QLD1,2022/09/18 11:00:00,3559
SA1,2022/09/18 11:00:00,864
TAS1,2022/09/18 11:00:00,1193
VIC1,2022/09/18 11:00:00,4766
NSW1,2022/09/18 11:30:00,5094
QLD1,2022/09/18 11:30:00,3522
SA1,2022/09/18 11:30:00,826
TAS1,2022/09/18 11:30:00,1181
VIC1,2022/09/18 11:30:00,4686
NSW1,2022/09/18 12:00:00,4974
QLD1,2022/09/18 12:00:00,3477
SA1,2022/09/18 12:00:00,713
TAS1,2022/09/18 12:00:00,1170
VIC1,2022/09/18 12:00:00,4518
NSW1,2022/09/18 12:30:00,4923
QLD1,2022/09/18 12:30:00,3470
SA1,2022/09/18 12:30:00,732
TAS1,2022/09/18 12:30:00,1162
VIC1,2022/09/18 12:30:00,4366
NSW1,2022/09/18 13:00:00,4936
QLD1,2022/09/18 13:00:00,3501
SA1,2022/09/18 13:00:00,715
TAS1,2022/09/18 13:00:00,1164
VIC1,2022/09/18 13:00:00,4294
NSW1,2022/09/18 13:30:00,4982
QLD1,2022/09/18 13:30:00,3598
SA1,2022/09/18 13:30:00,643
TAS1,2022/09/18 13:30:00,1183
VIC1,2022/09/18 13:30:00,4330
NSW1,2022/09/18 14:00:00,5091
QLD1,2022/09/18 14:00:00,3757
SA1,2022/09/18 14:00:00,693
TAS1,2022/09/18 14:00:00,1185
VIC1,2022/09/18 14:00:00,4317
NSW1,2022/09/18 14:30:00,5275
QLD1,2022/09/18 14:30:00,3982
SA1,2022/09/18 14:30:00,758
TAS1,2022/09/18 14:30:00,1185
VIC1,2022/09/18 14:30:00,4395
NSW1,2022/09/18 15:00:00,5487
QLD1,2022/09/18 15:00:00,4290
SA1,2022/09/18 15:00:00,781
TAS1,2022/09/18 15:00:00,1182
VIC1,2022/09/18 15:00:00,4703
NSW1,2022/09/18 15:30:00,5867
QLD1,2022/09/18 15:30:00,4681
SA1,2022/09/18 15:30:00,776
TAS1,2022/09/18 15:30:00,1178
VIC1,2022/09/18 15:30:00,4826
NSW1,2022/09/18 16:00:00,6344
QLD1,2022/09/18 16:00:00,5110
SA1,2022/09/18 16:00:00,953
TAS1,2022/09/18 16:00:00,1189
VIC1,2022/09/18 16:00:00,4753
NSW1,2022/09/18 16:30:00,6839
QLD1,2022/09/18 16:30:00,5564
SA1,2022/09/18 16:30:00,1099
TAS1,2022/09/18 16:30:00,1203
VIC1,2022/09/18 16:30:00,4951
NSW1,2022/09/18 17:00:00,7389
QLD1,2022/09/18 17:00:00,6032
SA1,2022/09/18 17:00:00,1226
TAS1,2022/09/18 17:00:00,1247
VIC1,2022/09/18 17:00:00,5237
NSW1,2022/09/18 17:30:00,7861
QLD1,2022/09/18 17:30:00,6341
SA1,2022/09/18 17:30:00,1376
TAS1,2022/09/18 17:30:00,1305
VIC1,2022/09/18 17:30:00,5640
NSW1,2022/09/18 18:00:00,8429
QLD1,2022/09/18 18:00:00,6521
SA1,2022/09/18 18:00:00,1516
TAS1,2022/09/18 18:00:00,1365
VIC1,2022/09/18 18:00:00,5994
NSW1,2022/09/18 18:30:00,8896
QLD1,2022/09/18 18:30:00,6719
SA1,2022/09/18 18:30:00,1640
TAS1,2022/09/18 18:30:00,1391
VIC1,2022/09/18 18:30:00,6267
NSW1,2022/09/18 19:00:00,8995
QLD1,2022/09/18 19:00:00,6742
SA1,2022/09/18 19:00:00,1774
TAS1,2022/09/18 19:00:00,1409
VIC1,2022/09/18 19:00:00,6363
NSW1,2022/09/18 19:30:00,8889
QLD1,2022/09/18 19:30:00,6548
SA1,2022/09/18 19:30:00,1836
TAS1,2022/09/18 19:30:00,1398
VIC1,2022/09/18 19:30:00,6287
NSW1,2022/09/18 20:00:00,8707
QLD1,2022/09/18 20:00:00,6529
SA1,2022/09/18 20:00:00,1808
TAS1,2022/09/18 20:00:00,1374
VIC1,2022/09/18 20:00:00,6213
NSW1,2022/09/18 20:30:00,8541
QLD1,2022/09/18 20:30:00,6564
SA1,2022/09/18 20:30:00,1785
TAS1,2022/09/18 20:30:00,1358
VIC1,2022/09/18 20:30:00,6068
NSW1,2022/09/18 21:00:00,8417
QLD1,2022/09/18 21:00:00,6430
SA1,2022/09/18 21:00:00,1748
TAS1,2022/09/18 21:00:00,1334
VIC1,2022/09/18 21:00:00,5944
NSW1,2022/09/18 21:30:00,8219
QLD1,2022/09/18 21:30:00,6231
SA1,2022/09/18 21:30:00,1706
TAS1,2022/09/18 21:30:00,1292
VIC1,2022/09/18 21:30:00,5817
NSW1,2022/09/18 22:00:00,7970
QLD1,2022/09/18 22:00:00,6070
SA1,2022/09/18 22:00:00,1650
TAS1,2022/09/18 22:00:00,1242
VIC1,2022/09/18 22:00:00,5615
NSW1,2022/09/18 22:30:00,7866
QLD1,2022/09/18 22:30:00,5906
SA1,2022/09/18 22:30:00,1571
TAS1,2022/09/18 22:30:00,1217
VIC1,2022/09/18 22:30:00,5432
NSW1,2022/09/18 23:00:00,7651
QLD1,2022/09/18 23:00:00,5784
SA1,2022/09/18 23:00:00,1495
TAS1,2022/09/18 23:00:00,1168
VIC1,2022/09/18 23:00:00,5224
NSW1,2022/09/18 23:30:00,7578
QLD1,2022/09/18 23:30:00,5715
SA1,2022/09/18 23:30:00,1415
TAS1,2022/09/18 23:30:00,1152
VIC1,2022/09/18 23:30:00,5277
NSW1,2022/09/19 00:00:00,7443
QLD1,2022/09/19 00:00:00,5549
SA1,2022/09/19 00:00:00,1529
TAS1,2022/09/19 00:00:00,1129
VIC1,2022/09/19 00:00:00,5143
NSW1,2022/09/19 00:30:00,7287
QLD1,2022/09/19 00:30:00,5366
SA1,2022/09/19 00:30:00,1544
TAS1,2022/09/19 00:30:00,1114
VIC1,2022/09/19 00:30:00,4996
NSW1,2022/09/19 01:00:00,7168
QLD1,2022/09/19 01:00:00,5250
SA1,2022/09/19 01:00:00,1540
TAS1,2022/09/19 01:00:00,1090
VIC1,2022/09/19 01:00:00,4859
NSW1,2022/09/19 01:30:00,6966
QLD1,2022/09/19 01:30:00,5192
SA1,2022/09/19 01:30:00,1490
TAS1,2022/09/19 01:30:00,1074
VIC1,2022/09/19 01:30:00,4728
NSW1,2022/09/19 02:00:00,6804
QLD1,2022/09/19 02:00:00,5130
SA1,2022/09/19 02:00:00,1442
TAS1,2022/09/19 02:00:00,1081
VIC1,2022/09/19 02:00:00,4576
NSW1,2022/09/19 02:30:00,6600
QLD1,2022/09/19 02:30:00,5091
SA1,2022/09/19 02:30:00,1382
TAS1,2022/09/19 02:30:00,1079
VIC1,2022/09/19 02:30:00,4501
NSW1,2022/09/19 03:00:00,6459
QLD1,2022/09/19 03:00:00,5068
SA1,2022/09/19 03:00:00,1356
TAS1,2022/09/19 03:00:00,1082
VIC1,2022/09/19 03:00:00,4433
NSW1,2022/09/19 03:30:00,6341
QLD1,2022/09/19 03:30:00,5069
SA1,2022/09/19 03:30:00,1308
TAS1,2022/09/19 03:30:00,1083
VIC1,2022/09/19 03:30:00,4389
NSW1,2022/09/19 04:00:00,6312
QLD1,2022/09/19 04:00:00,5081
SA1,2022/09/19 04:00:00,1291
TAS1,2022/09/19 04:00:00,1083
VIC1,2022/09/19 04:00:00,4370
NSW1,2022/09/19 04:30:00,6358
QLD1,2022/09/19 04:30:00,5167
SA1,2022/09/19 04:30:00,1258
TAS1,2022/09/19 04:30:00,1094
VIC1,2022/09/19 04:30:00,4386
NSW1,2022/09/19 05:00:00,6481
QLD1,2022/09/19 05:00:00,5270
SA1,2022/09/19 05:00:00,1265
TAS1,2022/09/19 05:00:00,1119
VIC1,2022/09/19 05:00:00,4459
NSW1,2022/09/19 05:30:00,6816
QLD1,2022/09/19 05:30:00,5427
SA1,2022/09/19 05:30:00,1270
TAS1,2022/09/19 05:30:00,1149
VIC1,2022/09/19 05:30:00,4640
NSW1,2022/09/19 06:00:00,7140
QLD1,2022/09/19 06:00:00,5586
SA1,2022/09/19 06:00:00,1321
TAS1,2022/09/19 06:00:00,1179
VIC1,2022/09/19 06:00:00,4881
NSW1,2022/09/19 06:30:00,7659
QLD1,2022/09/19 06:30:00,5771
SA1,2022/09/19 06:30:00,1339
TAS1,2022/09/19 06:30:00,1251
VIC1,2022/09/19 06:30:00,5309
NSW1,2022/09/19 07:00:00,7990
QLD1,2022/09/19 07:00:00,5766
SA1,2022/09/19 07:00:00,1472
TAS1,2022/09/19 07:00:00,1317
VIC1,2022/09/19 07:00:00,5618
NSW1,2022/09/19 07:30:00,8018
QLD1,2022/09/19 07:30:00,5698
SA1,2022/09/19 07:30:00,1533
TAS1,2022/09/19 07:30:00,1349
VIC1,2022/09/19 07:30:00,5794
NSW1,2022/09/19 08:00:00,7988
QLD1,2022/09/19 08:00:00,5474
SA1,2022/09/19 08:00:00,1546
TAS1,2022/09/19 08:00:00,1357
VIC1,2022/09/19 08:00:00,5818
NSW1,2022/09/19 08:30:00,7823
QLD1,2022/09/19 08:30:00,5200
SA1,2022/09/19 08:30:00,1461
TAS1,2022/09/19 08:30:00,1322
VIC1,2022/09/19 08:30:00,5649
NSW1,2022/09/19 09:00:00,7428
QLD1,2022/09/19 09:00:00,4950
SA1,2022/09/19 09:00:00,1328
TAS1,2022/09/19 09:00:00,1274
VIC1,2022/09/19 09:00:00,5418
NSW1,2022/09/19 09:30:00,7155
QLD1,2022/09/19 09:30:00,4671
SA1,2022/09/19 09:30:00,1160
TAS1,2022/09/19 09:30:00,1230
VIC1,2022/09/19 09:30:00,5091
NSW1,2022/09/19 10:00:00,6787
QLD1,2022/09/19 10:00:00,4457
SA1,2022/09/19 10:00:00,997
TAS1,2022/09/19 10:00:00,1185
VIC1,2022/09/19 10:00:00,4868
NSW1,2022/09/19 10:30:00,6407
QLD1,2022/09/19 10:30:00,4336
SA1,2022/09/19 10:30:00,898
TAS1,2022/09/19 10:30:00,1146
VIC1,2022/09/19 10:30:00,4807
NSW1,2022/09/19 11:00:00,6037
QLD1,2022/09/19 11:00:00,4280
SA1,2022/09/19 11:00:00,766
TAS1,2022/09/19 11:00:00,1115
VIC1,2022/09/19 11:00:00,4601
NSW1,2022/09/19 11:30:00,5824
QLD1,2022/09/19 11:30:00,4198
SA1,2022/09/19 11:30:00,670
TAS1,2022/09/19 11:30:00,1097
VIC1,2022/09/19 11:30:00,4641
NSW1,2022/09/19 12:00:00,5700
QLD1,2022/09/19 12:00:00,4192
SA1,2022/09/19 12:00:00,595
TAS1,2022/09/19 12:00:00,1057
VIC1,2022/09/19 12:00:00,4754
NSW1,2022/09/19 12:30:00,5670
QLD1,2022/09/19 12:30:00,4201
SA1,2022/09/19 12:30:00,509
TAS1,2022/09/19 12:30:00,1039
VIC1,2022/09/19 12:30:00,4810
NSW1,2022/09/19 13:00:00,5663
QLD1,2022/09/19 13:00:00,4256
SA1,2022/09/19 13:00:00,491
TAS1,2022/09/19 13:00:00,1019
VIC1,2022/09/19 13:00:00,4762
NSW1,2022/09/19 13:30:00,5674
QLD1,2022/09/19 13:30:00,4331
SA1,2022/09/19 13:30:00,461
TAS1,2022/09/19 13:30:00,1034
VIC1,2022/09/19 13:30:00,4741
NSW1,2022/09/19 14:00:00,5751
QLD1,2022/09/19 14:00:00,4519
SA1,2022/09/19 14:00:00,410
TAS1,2022/09/19 14:00:00,1037
VIC1,2022/09/19 14:00:00,4837
NSW1,2022/09/19 14:30:00,5904
QLD1,2022/09/19 14:30:00,4797
SA1,2022/09/19 14:30:00,431
TAS1,2022/09/19 14:30:00,1038
VIC1,2022/09/19 14:30:00,4932
NSW1,2022/09/19 15:00:00,6119
QLD1,2022/09/19 15:00:00,5141
SA1,2022/09/19 15:00:00,497
TAS1,2022/09/19 15:00:00,1037
VIC1,2022/09/19 15:00:00,4963
NSW1,2022/09/19 15:30:00,6431
QLD1,2022/09/19 15:30:00,5574
SA1,2022/09/19 15:30:00,551
TAS1,2022/09/19 15:30:00,1042
VIC1,2022/09/19 15:30:00,5184
NSW1,2022/09/19 16:00:00,6897
QLD1,2022/09/19 16:00:00,5964
SA1,2022/09/19 16:00:00,633
TAS1,2022/09/19 16:00:00,1057
VIC1,2022/09/19 16:00:00,5319
NSW1,2022/09/19 16:30:00,7326
QLD1,2022/09/19 16:30:00,6329
SA1,2022/09/19 16:30:00,772
TAS1,2022/09/19 16:30:00,1100
VIC1,2022/09/19 16:30:00,5478
NSW1,2022/09/19 17:00:00,7857
QLD1,2022/09/19 17:00:00,6701
SA1,2022/09/19 17:00:00,941
TAS1,2022/09/19 17:00:00,1158
VIC1,2022/09/19 17:00:00,5728
NSW1,2022/09/19 17:30:00,8370
QLD1,2022/09/19 17:30:00,6926
SA1,2022/09/19 17:30:00,1146
TAS1,2022/09/19 17:30:00,1214
VIC1,2022/09/19 17:30:00,6087
NSW1,2022/09/19 18:00:00,8934
QLD1,2022/09/19 18:00:00,7041
SA1,2022/09/19 18:00:00,1341
TAS1,2022/09/19 18:00:00,1258
VIC1,2022/09/19 18:00:00,6427
NSW1,2022/09/19 18:30:00,9372
QLD1,2022/09/19 18:30:00,7137
SA1,2022/09/19 18:30:00,1538
TAS1,2022/09/19 18:30:00,1306
VIC1,2022/09/19 18:30:00,6596
NSW1,2022/09/19 19:00:00,9529
QLD1,2022/09/19 19:00:00,7168
SA1,2022/09/19 19:00:00,1676
TAS1,2022/09/19 19:00:00,1336
VIC1,2022/09/19 19:00:00,6852
NSW1,2022/09/19 19:30:00,9318
QLD1,2022/09/19 19:30:00,6999
SA1,2022/09/19 19:30:00,1757
TAS1,2022/09/19 19:30:00,1319
VIC1,2022/09/19 19:30:00,6772
NSW1,2022/09/19 20:00:00,9079
QLD1,2022/09/19 20:00:00,6837
SA1,2022/09/19 20:00:00,1740
TAS1,2022/09/19 20:00:00,1294
VIC1,2022/09/19 20:00:00,6594
NSW1,2022/09/19 20:30:00,8927
QLD1,2022/09/19 20:30:00,6838
SA1,2022/09/19 20:30:00,1737
TAS1,2022/09/19 20:30:00,1280
VIC1,2022/09/19 20:30:00,6431
NSW1,2022/09/19 21:00:00,8766
QLD1,2022/09/19 21:00:00,6746
SA1,2022/09/19 21:00:00,1731
TAS1,2022/09/19 21:00:00,1269
VIC1,2022/09/19 21:00:00,6248
NSW1,2022/09/19 21:30:00,8536
QLD1,2022/09/19 21:30:00,6504
SA1,2022/09/19 21:30:00,1689
TAS1,2022/09/19 21:30:00,1236
VIC1,2022/09/19 21:30:00,6100
NSW1,2022/09/19 22:00:00,8402
QLD1,2022/09/19 22:00:00,6368
SA1,2022/09/19 22:00:00,1656
TAS1,2022/09/19 22:00:00,1204
VIC1,2022/09/19 22:00:00,5894
NSW1,2022/09/19 22:30:00,8412
QLD1,2022/09/19 22:30:00,6193
SA1,2022/09/19 22:30:00,1604
TAS1,2022/09/19 22:30:00,1171
VIC1,2022/09/19 22:30:00,5722
NSW1,2022/09/19 23:00:00,8273
QLD1,2022/09/19 23:00:00,6013
SA1,2022/09/19 23:00:00,1548
TAS1,2022/09/19 23:00:00,1133
VIC1,2022/09/19 23:00:00,5508
NSW1,2022/09/19 23:30:00,8140
QLD1,2022/09/19 23:30:00,5948
SA1,2022/09/19 23:30:00,1508
TAS1,2022/09/19 23:30:00,1104
VIC1,2022/09/19 23:30:00,5499
NSW1,2022/09/20 00:00:00,8007
QLD1,2022/09/20 00:00:00,5789
SA1,2022/09/20 00:00:00,1567
TAS1,2022/09/20 00:00:00,1073
VIC1,2022/09/20 00:00:00,5421
NSW1,2022/09/20 00:30:00,7887
QLD1,2022/09/20 00:30:00,5524
SA1,2022/09/20 00:30:00,1549
TAS1,2022/09/20 00:30:00,1073
VIC1,2022/09/20 00:30:00,5186
NSW1,2022/09/20 01:00:00,7747
QLD1,2022/09/20 01:00:00,5402
SA1,2022/09/20 01:00:00,1559
TAS1,2022/09/20 01:00:00,1061
VIC1,2022/09/20 01:00:00,5015
NSW1,2022/09/20 01:30:00,7547
QLD1,2022/09/20 01:30:00,5360
SA1,2022/09/20 01:30:00,1525
TAS1,2022/09/20 01:30:00,1044
VIC1,2022/09/20 01:30:00,4878
NSW1,2022/09/20 02:00:00,7351
QLD1,2022/09/20 02:00:00,5229
SA1,2022/09/20 02:00:00,1463
TAS1,2022/09/20 02:00:00,1032
VIC1,2022/09/20 02:00:00,4733
NSW1,2022/09/20 02:30:00,7092
QLD1,2022/09/20 02:30:00,5202
SA1,2022/09/20 02:30:00,1437
TAS1,2022/09/20 02:30:00,1025
VIC1,2022/09/20 02:30:00,4573
NSW1,2022/09/20 03:00:00,6886
QLD1,2022/09/20 03:00:00,5168
SA1,2022/09/20 03:00:00,1393
TAS1,2022/09/20 03:00:00,1019
VIC1,2022/09/20 03:00:00,4495
NSW1,2022/09/20 03:30:00,6742
QLD1,2022/09/20 03:30:00,5121
SA1,2022/09/20 03:30:00,1356
TAS1,2022/09/20 03:30:00,1020
VIC1,2022/09/20 03:30:00,4464
NSW1,2022/09/20 04:00:00,6690
QLD1,2022/09/20 04:00:00,5131
SA1,2022/09/20 04:00:00,1324
TAS1,2022/09/20 04:00:00,1023
VIC1,2022/09/20 04:00:00,4438
NSW1,2022/09/20 04:30:00,6768
QLD1,2022/09/20 04:30:00,5205
SA1,2022/09/20 04:30:00,1305
TAS1,2022/09/20 04:30:00,1036
VIC1,2022/09/20 04:30:00,4490
NSW1,2022/09/20 05:00:00,6861
QLD1,2022/09/20 05:00:00,5338
SA1,2022/09/20 05:00:00,1299
TAS1,2022/09/20 05:00:00,1055
VIC1,2022/09/20 05:00:00,4585
NSW1,2022/09/20 05:30:00,7160
QLD1,2022/09/20 05:30:00,5515
SA1,2022/09/20 05:30:00,1290
TAS1,2022/09/20 05:30:00,1094
VIC1,2022/09/20 05:30:00,4754
NSW1,2022/09/20 06:00:00,7461
QLD1,2022/09/20 06:00:00,5670
SA1,2022/09/20 06:00:00,1328
TAS1,2022/09/20 06:00:00,1136
VIC1,2022/09/20 06:00:00,5009
NSW1,2022/09/20 06:30:00,7983
QLD1,2022/09/20 06:30:00,5801
SA1,2022/09/20 06:30:00,1377
TAS1,2022/09/20 06:30:00,1201
VIC1,2022/09/20 06:30:00,5422
NSW1,2022/09/20 07:00:00,8217
QLD1,2022/09/20 07:00:00,5775
SA1,2022/09/20 07:00:00,1444
TAS1,2022/09/20 07:00:00,1269
VIC1,2022/09/20 07:00:00,5704
NSW1,2022/09/20 07:30:00,8085
QLD1,2022/09/20 07:30:00,5696
SA1,2022/09/20 07:30:00,1471
TAS1,2022/09/20 07:30:00,1315
VIC1,2022/09/20 07:30:00,5720
NSW1,2022/09/20 08:00:00,7828
QLD1,2022/09/20 08:00:00,5442
SA1,2022/09/20 08:00:00,1472
TAS1,2022/09/20 08:00:00,1307
VIC1,2022/09/20 08:00:00,5636
NSW1,2022/09/20 08:30:00,7412
QLD1,2022/09/20 08:30:00,5220
SA1,2022/09/20 08:30:00,1424
TAS1,2022/09/20 08:30:00,1275
VIC1,2022/09/20 08:30:00,5402
NSW1,2022/09/20 09:00:00,6882
QLD1,2022/09/20 09:00:00,4927
SA1,2022/09/20 09:00:00,1326
TAS1,2022/09/20 09:00:00,1216
VIC1,2022/09/20 09:00:00,5083
NSW1,2022/09/20 09:30:00,6510
QLD1,2022/09/20 09:30:00,4636
SA1,2022/09/20 09:30:00,1256
TAS1,2022/09/20 09:30:00,1179
VIC1,2022/09/20 09:30:00,4714
NSW1,2022/09/20 10:00:00,6243
QLD1,2022/09/20 10:00:00,4446
SA1,2022/09/20 10:00:00,1258
TAS1,2022/09/20 10:00:00,1131
VIC1,2022/09/20 10:00:00,4357
NSW1,2022/09/20 10:30:00,6046
QLD1,2022/09/20 10:30:00,4285
SA1,2022/09/20 10:30:00,1455
TAS1,2022/09/20 10:30:00,1092
VIC1,2022/09/20 10:30:00,4059
NSW1,2022/09/20 11:00:00,5955
QLD1,2022/09/20 11:00:00,4191
SA1,2022/09/20 11:00:00,1564
TAS1,2022/09/20 11:00:00,1067
VIC1,2022/09/20 11:00:00,3846
NSW1,2022/09/20 11:30:00,5903
QLD1,2022/09/20 11:30:00,4161
SA1,2022/09/20 11:30:00,1502
TAS1,2022/09/20 11:30:00,1064
VIC1,2022/09/20 11:30:00,3740
NSW1,2022/09/20 12:00:00,5861
QLD1,2022/09/20 12:00:00,4163
SA1,2022/09/20 12:00:00,1488
TAS1,2022/09/20 12:00:00,1047
VIC1,2022/09/20 12:00:00,3602
NSW1,2022/09/20 12:30:00,5818
QLD1,2022/09/20 12:30:00,4150
SA1,2022/09/20 12:30:00,1460
TAS1,2022/09/20 12:30:00,1053
VIC1,2022/09/20 12:30:00,3538
NSW1,2022/09/20 13:00:00,5801
QLD1,2022/09/20 13:00:00,4186
SA1,2022/09/20 13:00:00,1482
TAS1,2022/09/20 13:00:00,957
VIC1,2022/09/20 13:00:00,3514
NSW1,2022/09/20 13:30:00,5818
QLD1,2022/09/20 13:30:00,4311
SA1,2022/09/20 13:30:00,1546
TAS1,2022/09/20 13:30:00,1003
VIC1,2022/09/20 13:30:00,3574
NSW1,2022/09/20 14:00:00,5793
QLD1,2022/09/20 14:00:00,4502
SA1,2022/09/20 14:00:00,1639
TAS1,2022/09/20 14:00:00,1049
VIC1,2022/09/20 14:00:00,3705
NSW1,2022/09/20 14:30:00,5860
QLD1,2022/09/20 14:30:00,4754
SA1,2022/09/20 14:30:00,1700
TAS1,2022/09/20 14:30:00,1062
VIC1,2022/09/20 14:30:00,3896
NSW1,2022/09/20 15:00:00,6011
QLD1,2022/09/20 15:00:00,5052
SA1,2022/09/20 15:00:00,1744
TAS1,2022/09/20 15:00:00,1068
VIC1,2022/09/20 15:00:00,4014
NSW1,2022/09/20 15:30:00,6317
QLD1,2022/09/20 15:30:00,5474
SA1,2022/09/20 15:30:00,1776
TAS1,2022/09/20 15:30:00,1073
VIC1,2022/09/20 15:30:00,4266
NSW1,2022/09/20 16:00:00,6782
QLD1,2022/09/20 16:00:00,5926
SA1,2022/09/20 16:00:00,1715
TAS1,2022/09/20 16:00:00,1099
VIC1,2022/09/20 16:00:00,4558
NSW1,2022/09/20 16:30:00,7271
QLD1,2022/09/20 16:30:00,6328
SA1,2022/09/20 16:30:00,1754
TAS1,2022/09/20 16:30:00,1122
VIC1,2022/09/20 16:30:00,4972
NSW1,2022/09/20 17:00:00,7818
QLD1,2022/09/20 17:00:00,6706
SA1,2022/09/20 17:00:00,1798
TAS1,2022/09/20 17:00:00,1162
VIC1,2022/09/20 17:00:00,5241
NSW1,2022/09/20 17:30:00,8317
QLD1,2022/09/20 17:30:00,6945
SA1,2022/09/20 17:30:00,1858
TAS1,2022/09/20 17:30:00,1219
VIC1,2022/09/20 17:30:00,5551
NSW1,2022/09/20 18:00:00,8850
QLD1,2022/09/20 18:00:00,7057
SA1,2022/09/20 18:00:00,1905
TAS1,2022/09/20 18:00:00,1282
VIC1,2022/09/20 18:00:00,5917
NSW1,2022/09/20 18:30:00,9239
QLD1,2022/09/20 18:30:00,7156
SA1,2022/09/20 18:30:00,1960
TAS1,2022/09/20 18:30:00,1321
VIC1,2022/09/20 18:30:00,6140
NSW1,2022/09/20 19:00:00,9365
QLD1,2022/09/20 19:00:00,7195
SA1,2022/09/20 19:00:00,1973
TAS1,2022/09/20 19:00:00,1343
VIC1,2022/09/20 19:00:00,6253
NSW1,2022/09/20 19:30:00,9169
QLD1,2022/09/20 19:30:00,7065
SA1,2022/09/20 19:30:00,1956
TAS1,2022/09/20 19:30:00,1325
VIC1,2022/09/20 19:30:00,6208
NSW1,2022/09/20 20:00:00,8950
QLD1,2022/09/20 20:00:00,7021
SA1,2022/09/20 20:00:00,1901
TAS1,2022/09/20 20:00:00,1302
VIC1,2022/09/20 20:00:00,6090
NSW1,2022/09/20 20:30:00,8816
QLD1,2022/09/20 20:30:00,7020
SA1,2022/09/20 20:30:00,1859
TAS1,2022/09/20 20:30:00,1288
VIC1,2022/09/20 20:30:00,5980
NSW1,2022/09/20 21:00:00,8646
QLD1,2022/09/20 21:00:00,6845
SA1,2022/09/20 21:00:00,1796
TAS1,2022/09/20 21:00:00,1265
VIC1,2022/09/20 21:00:00,5866
NSW1,2022/09/20 21:30:00,8430
QLD1,2022/09/20 21:30:00,6589
SA1,2022/09/20 21:30:00,1742
TAS1,2022/09/20 21:30:00,1227
VIC1,2022/09/20 21:30:00,5692
NSW1,2022/09/20 22:00:00,8221
QLD1,2022/09/20 22:00:00,6414
SA1,2022/09/20 22:00:00,1676
TAS1,2022/09/20 22:00:00,1187
VIC1,2022/09/20 22:00:00,5527
NSW1,2022/09/20 22:30:00,8128
QLD1,2022/09/20 22:30:00,6171
SA1,2022/09/20 22:30:00,1603
TAS1,2022/09/20 22:30:00,1143
VIC1,2022/09/20 22:30:00,5308
NSW1,2022/09/20 23:00:00,7922
QLD1,2022/09/20 23:00:00,5991
SA1,2022/09/20 23:00:00,1496
TAS1,2022/09/20 23:00:00,1091
VIC1,2022/09/20 23:00:00,5131
NSW1,2022/09/20 23:30:00,7834
QLD1,2022/09/20 23:30:00,5910
SA1,2022/09/20 23:30:00,1429
TAS1,2022/09/20 23:30:00,1073
VIC1,2022/09/20 23:30:00,5161
NSW1,2022/09/21 00:00:00,7751
QLD1,2022/09/21 00:00:00,5767
SA1,2022/09/21 00:00:00,1515
TAS1,2022/09/21 00:00:00,1050
VIC1,2022/09/21 00:00:00,5127
NSW1,2022/09/21 00:30:00,7611
QLD1,2022/09/21 00:30:00,5539
SA1,2022/09/21 00:30:00,1513
TAS1,2022/09/21 00:30:00,1020
VIC1,2022/09/21 00:30:00,4907
NSW1,2022/09/21 01:00:00,7498
QLD1,2022/09/21 01:00:00,5438
SA1,2022/09/21 01:00:00,1505
TAS1,2022/09/21 01:00:00,997
VIC1,2022/09/21 01:00:00,4795
NSW1,2022/09/21 01:30:00,7275
QLD1,2022/09/21 01:30:00,5364
SA1,2022/09/21 01:30:00,1472
TAS1,2022/09/21 01:30:00,995
VIC1,2022/09/21 01:30:00,4634
NSW1,2022/09/21 02:00:00,7057
QLD1,2022/09/21 02:00:00,5284
SA1,2022/09/21 02:00:00,1430
TAS1,2022/09/21 02:00:00,991
VIC1,2022/09/21 02:00:00,4473
NSW1,2022/09/21 02:30:00,6811
QLD1,2022/09/21 02:30:00,5229
SA1,2022/09/21 02:30:00,1390
TAS1,2022/09/21 02:30:00,978
VIC1,2022/09/21 02:30:00,4382
NSW1,2022/09/21 03:00:00,6617
QLD1,2022/09/21 03:00:00,5175
SA1,2022/09/21 03:00:00,1350
TAS1,2022/09/21 03:00:00,971
VIC1,2022/09/21 03:00:00,4232
NSW1,2022/09/21 03:30:00,6490
QLD1,2022/09/21 03:30:00,5188
SA1,2022/09/21 03:30:00,1309
TAS1,2022/09/21 03:30:00,985
VIC1,2022/09/21 03:30:00,3998
NSW1,2022/09/21 04:00:00,6438
QLD1,2022/09/21 04:00:00,5196
SA1,2022/09/21 04:00:00,1291
TAS1,2022/09/21 04:00:00,990
VIC1,2022/09/21 04:00:00,3758
NSW1,2022/09/21 04:30:00,6444
QLD1,2022/09/21 04:30:00,5231
SA1,2022/09/21 04:30:00,1287
TAS1,2022/09/21 04:30:00,997
VIC1,2022/09/21 04:30:00,4181
NSW1,2022/09/21 05:00:00,6523
QLD1,2022/09/21 05:00:00,5320
SA1,2022/09/21 05:00:00,1288
TAS1,2022/09/21 05:00:00,1012
VIC1,2022/09/21 05:00:00,4242
NSW1,2022/09/21 05:30:00,6737
QLD1,2022/09/21 05:30:00,5471
SA1,2022/09/21 05:30:00,1297
TAS1,2022/09/21 05:30:00,1039
VIC1,2022/09/21 05:30:00,4406
NSW1,2022/09/21 06:00:00,7064
QLD1,2022/09/21 06:00:00,5594
SA1,2022/09/21 06:00:00,1330
TAS1,2022/09/21 06:00:00,1083
VIC1,2022/09/21 06:00:00,4613
NSW1,2022/09/21 06:30:00,7480
QLD1,2022/09/21 06:30:00,5707
SA1,2022/09/21 06:30:00,1376
TAS1,2022/09/21 06:30:00,1163
VIC1,2022/09/21 06:30:00,4951
NSW1,2022/09/21 07:00:00,7867
QLD1,2022/09/21 07:00:00,5835
SA1,2022/09/21 07:00:00,1473
TAS1,2022/09/21 07:00:00,1228
VIC1,2022/09/21 07:00:00,5189
NSW1,2022/09/21 07:30:00,8023
QLD1,2022/09/21 07:30:00,5918
SA1,2022/09/21 07:30:00,1549
TAS1,2022/09/21 07:30:00,1266
VIC1,2022/09/21 07:30:00,5380
NSW1,2022/09/21 08:00:00,8089
QLD1,2022/09/21 08:00:00,5873
SA1,2022/09/21 08:00:00,1590
TAS1,2022/09/21 08:00:00,1297
VIC1,2022/09/21 08:00:00,5497
NSW1,2022/09/21 08:30:00,7987
QLD1,2022/09/21 08:30:00,5809
SA1,2022/09/21 08:30:00,1587
TAS1,2022/09/21 08:30:00,1297
VIC1,2022/09/21 08:30:00,5565
NSW1,2022/09/21 09:00:00,7813
QLD1,2022/09/21 09:00:00,5795
SA1,2022/09/21 09:00:00,1550
TAS1,2022/09/21 09:00:00,1271
VIC1,2022/09/21 09:00:00,5610
NSW1,2022/09/21 09:30:00,7702
QLD1,2022/09/21 09:30:00,5584
SA1,2022/09/21 09:30:00,1492
TAS1,2022/09/21 09:30:00,1232
VIC1,2022/09/21 09:30:00,5525
NSW1,2022/09/21 10:00:00,7546
QLD1,2022/09/21 10:00:00,5437
SA1,2022/09/21 10:00:00,1477
TAS1,2022/09/21 10:00:00,1195
VIC1,2022/09/21 10:00:00,5428
NSW1,2022/09/21 10:30:00,7301
QLD1,2022/09/21 10:30:00,5506
SA1,2022/09/21 10:30:00,1441
TAS1,2022/09/21 10:30:00,1152
VIC1,2022/09/21 10:30:00,5312
NSW1,2022/09/21 11:00:00,7311
QLD1,2022/09/21 11:00:00,5584
SA1,2022/09/21 11:00:00,1406
TAS1,2022/09/21 11:00:00,1094
VIC1,2022/09/21 11:00:00,5263
NSW1,2022/09/21 11:30:00,7391
QLD1,2022/09/21 11:30:00,5797
SA1,2022/09/21 11:30:00,1310
TAS1,2022/09/21 11:30:00,1085
VIC1,2022/09/21 11:30:00,5187
NSW1,2022/09/21 12:00:00,7360
QLD1,2022/09/21 12:00:00,5891
SA1,2022/09/21 12:00:00,1250
TAS1,2022/09/21 12:00:00,1069
VIC1,2022/09/21 12:00:00,5118
NSW1,2022/09/21 12:30:00,7456
QLD1,2022/09/21 12:30:00,5933
SA1,2022/09/21 12:30:00,1263
TAS1,2022/09/21 12:30:00,1053
VIC1,2022/09/21 12:30:00,5038
NSW1,2022/09/21 13:00:00,7514
QLD1,2022/09/21 13:00:00,5995
SA1,2022/09/21 13:00:00,1249
TAS1,2022/09/21 13:00:00,996
VIC1,2022/09/21 13:00:00,4822
NSW1,2022/09/21 13:30:00,7632
QLD1,2022/09/21 13:30:00,6033
SA1,2022/09/21 13:30:00,1254
TAS1,2022/09/21 13:30:00,975
VIC1,2022/09/21 13:30:00,4942
NSW1,2022/09/21 14:00:00,7819
QLD1,2022/09/21 14:00:00,6150
SA1,2022/09/21 14:00:00,1246
TAS1,2022/09/21 14:00:00,971
VIC1,2022/09/21 14:00:00,5148
NSW1,2022/09/21 14:30:00,7929
QLD1,2022/09/21 14:30:00,6270
SA1,2022/09/21 14:30:00,1287
TAS1,2022/09/21 14:30:00,997
VIC1,2022/09/21 14:30:00,5202
NSW1,2022/09/21 15:00:00,8048
QLD1,2022/09/21 15:00:00,6405
SA1,2022/09/21 15:00:00,1299
TAS1,2022/09/21 15:00:00,1006
VIC1,2022/09/21 15:00:00,5233
NSW1,2022/09/21 15:30:00,8180
QLD1,2022/09/21 15:30:00,6466
SA1,2022/09/21 15:30:00,1284
TAS1,2022/09/21 15:30:00,998
VIC1,2022/09/21 15:30:00,5191
NSW1,2022/09/21 16:00:00,8389
QLD1,2022/09/21 16:00:00,6584
SA1,2022/09/21 16:00:00,1320
TAS1,2022/09/21 16:00:00,1000
VIC1,2022/09/21 16:00:00,5166
NSW1,2022/09/21 16:30:00,8550
QLD1,2022/09/21 16:30:00,6648
SA1,2022/09/21 16:30:00,1368
TAS1,2022/09/21 16:30:00,983
VIC1,2022/09/21 16:30:00,5187
NSW1,2022/09/21 17:00:00,8742
QLD1,2022/09/21 17:00:00,6778
SA1,2022/09/21 17:00:00,1433
TAS1,2022/09/21 17:00:00,989
VIC1,2022/09/21 17:00:00,5347
NSW1,2022/09/21 17:30:00,8994
QLD1,2022/09/21 17:30:00,6942
SA1,2022/09/21 17:30:00,1526
TAS1,2022/09/21 17:30:00,1031
VIC1,2022/09/21 17:30:00,5581
NSW1,2022/09/21 18:00:00,9229
QLD1,2022/09/21 18:00:00,7028
SA1,2022/09/21 18:00:00,1650
TAS1,2022/09/21 18:00:00,1069
VIC1,2022/09/21 18:00:00,5789
NSW1,2022/09/21 18:30:00,9397
QLD1,2022/09/21 18:30:00,7081
SA1,2022/09/21 18:30:00,1747
TAS1,2022/09/21 18:30:00,1090
VIC1,2022/09/21 18:30:00,5907
NSW1,2022/09/21 19:00:00,9343
QLD1,2022/09/21 19:00:00,7092
SA1,2022/09/21 19:00:00,1810
TAS1,2022/09/21 19:00:00,1107
VIC1,2022/09/21 19:00:00,6009
NSW1,2022/09/21 19:30:00,9093
QLD1,2022/09/21 19:30:00,6967
SA1,2022/09/21 19:30:00,1846
TAS1,2022/09/21 19:30:00,1096
VIC1,2022/09/21 19:30:00,5966
NSW1,2022/09/21 20:00:00,8882
QLD1,2022/09/21 20:00:00,6963
SA1,2022/09/21 20:00:00,1825
TAS1,2022/09/21 20:00:00,1085
VIC1,2022/09/21 20:00:00,5861
NSW1,2022/09/21 20:30:00,8661
QLD1,2022/09/21 20:30:00,6967
SA1,2022/09/21 20:30:00,1802
TAS1,2022/09/21 20:30:00,1069
VIC1,2022/09/21 20:30:00,5750
NSW1,2022/09/21 21:00:00,8489
QLD1,2022/09/21 21:00:00,6789
SA1,2022/09/21 21:00:00,1769
TAS1,2022/09/21 21:00:00,1048
VIC1,2022/09/21 21:00:00,5638
NSW1,2022/09/21 21:30:00,8333
QLD1,2022/09/21 21:30:00,6581
SA1,2022/09/21 21:30:00,1733
TAS1,2022/09/21 21:30:00,1042
VIC1,2022/09/21 21:30:00,5548
NSW1,2022/09/21 22:00:00,8130
QLD1,2022/09/21 22:00:00,6433
SA1,2022/09/21 22:00:00,1699
TAS1,2022/09/21 22:00:00,1025
VIC1,2022/09/21 22:00:00,5407
NSW1,2022/09/21 22:30:00,8097
QLD1,2022/09/21 22:30:00,6258
SA1,2022/09/21 22:30:00,1634
TAS1,2022/09/21 22:30:00,997
VIC1,2022/09/21 22:30:00,5223
NSW1,2022/09/21 23:00:00,7974
QLD1,2022/09/21 23:00:00,6058
SA1,2022/09/21 23:00:00,1554
TAS1,2022/09/21 23:00:00,961
VIC1,2022/09/21 23:00:00,5090
NSW1,2022/09/21 23:30:00,7881
QLD1,2022/09/21 23:30:00,5963
SA1,2022/09/21 23:30:00,1480
TAS1,2022/09/21 23:30:00,938
VIC1,2022/09/21 23:30:00,5135
NSW1,2022/09/22 00:00:00,7787
QLD1,2022/09/22 00:00:00,5823
SA1,2022/09/22 00:00:00,1577
TAS1,2022/09/22 00:00:00,921
VIC1,2022/09/22 00:00:00,5098
NSW1,2022/09/22 00:30:00,7675
QLD1,2022/09/22 00:30:00,5581
SA1,2022/09/22 00:30:00,1545
TAS1,2022/09/22 00:30:00,916
VIC1,2022/09/22 00:30:00,4886
NSW1,2022/09/22 01:00:00,7546
QLD1,2022/09/22 01:00:00,5425
SA1,2022/09/22 01:00:00,1521
TAS1,2022/09/22 01:00:00,907
VIC1,2022/09/22 01:00:00,4704
NSW1,2022/09/22 01:30:00,7338
QLD1,2022/09/22 01:30:00,5324
SA1,2022/09/22 01:30:00,1490
TAS1,2022/09/22 01:30:00,887
VIC1,2022/09/22 01:30:00,4548
NSW1,2022/09/22 02:00:00,7126
QLD1,2022/09/22 02:00:00,5238
SA1,2022/09/22 02:00:00,1413
TAS1,2022/09/22 02:00:00,884
VIC1,2022/09/22 02:00:00,4413
NSW1,2022/09/22 02:30:00,6804
QLD1,2022/09/22 02:30:00,5167
SA1,2022/09/22 02:30:00,1341
TAS1,2022/09/22 02:30:00,882
VIC1,2022/09/22 02:30:00,4291
NSW1,2022/09/22 03:00:00,6571
QLD1,2022/09/22 03:00:00,5142
SA1,2022/09/22 03:00:00,1281
TAS1,2022/09/22 03:00:00,882
VIC1,2022/09/22 03:00:00,4209
NSW1,2022/09/22 03:30:00,6449
QLD1,2022/09/22 03:30:00,5122
SA1,2022/09/22 03:30:00,1231
TAS1,2022/09/22 03:30:00,880
VIC1,2022/09/22 03:30:00,4136
NSW1,2022/09/22 04:00:00,6328
QLD1,2022/09/22 04:00:00,5097
SA1,2022/09/22 04:00:00,1233
TAS1,2022/09/22 04:00:00,885
VIC1,2022/09/22 04:00:00,4104
NSW1,2022/09/22 04:30:00,6344
QLD1,2022/09/22 04:30:00,5105
SA1,2022/09/22 04:30:00,1220
TAS1,2022/09/22 04:30:00,885
VIC1,2022/09/22 04:30:00,4086
NSW1,2022/09/22 05:00:00,6410
QLD1,2022/09/22 05:00:00,5147
SA1,2022/09/22 05:00:00,1210
TAS1,2022/09/22 05:00:00,896
VIC1,2022/09/22 05:00:00,4114
NSW1,2022/09/22 05:30:00,6490
QLD1,2022/09/22 05:30:00,5227
SA1,2022/09/22 05:30:00,1217
TAS1,2022/09/22 05:30:00,918
VIC1,2022/09/22 05:30:00,4178
NSW1,2022/09/22 06:00:00,6607
QLD1,2022/09/22 06:00:00,5337
SA1,2022/09/22 06:00:00,1237
TAS1,2022/09/22 06:00:00,936
VIC1,2022/09/22 06:00:00,4296
NSW1,2022/09/22 06:30:00,6782
QLD1,2022/09/22 06:30:00,5429
SA1,2022/09/22 06:30:00,1257
TAS1,2022/09/22 06:30:00,971
VIC1,2022/09/22 06:30:00,4441
NSW1,2022/09/22 07:00:00,6893
QLD1,2022/09/22 07:00:00,5535
SA1,2022/09/22 07:00:00,1290
TAS1,2022/09/22 07:00:00,990
VIC1,2022/09/22 07:00:00,4526
NSW1,2022/09/22 07:30:00,6939
QLD1,2022/09/22 07:30:00,5667
SA1,2022/09/22 07:30:00,1251
TAS1,2022/09/22 07:30:00,1009
VIC1,2022/09/22 07:30:00,4438
NSW1,2022/09/22 08:00:00,7054
QLD1,2022/09/22 08:00:00,5748
SA1,2022/09/22 08:00:00,1162
TAS1,2022/09/22 08:00:00,1022
VIC1,2022/09/22 08:00:00,4305
NSW1,2022/09/22 08:30:00,7198
QLD1,2022/09/22 08:30:00,5901
SA1,2022/09/22 08:30:00,1062
TAS1,2022/09/22 08:30:00,1016
VIC1,2022/09/22 08:30:00,4115
NSW1,2022/09/22 09:00:00,7261
QLD1,2022/09/22 09:00:00,5952
SA1,2022/09/22 09:00:00,994
TAS1,2022/09/22 09:00:00,1016
VIC1,2022/09/22 09:00:00,3855
NSW1,2022/09/22 09:30:00,7313
QLD1,2022/09/22 09:30:00,6025
SA1,2022/09/22 09:30:00,881
TAS1,2022/09/22 09:30:00,1009
VIC1,2022/09/22 09:30:00,3590
NSW1,2022/09/22 10:00:00,7284
QLD1,2022/09/22 10:00:00,5989
SA1,2022/09/22 10:00:00,806
TAS1,2022/09/22 10:00:00,995
VIC1,2022/09/22 10:00:00,3322
NSW1,2022/09/22 10:30:00,7227
QLD1,2022/09/22 10:30:00,5910
SA1,2022/09/22 10:30:00,722
TAS1,2022/09/22 10:30:00,978
VIC1,2022/09/22 10:30:00,3126
NSW1,2022/09/22 11:00:00,7273
QLD1,2022/09/22 11:00:00,5750
SA1,2022/09/22 11:00:00,641
TAS1,2022/09/22 11:00:00,935
VIC1,2022/09/22 11:00:00,2920
NSW1,2022/09/22 11:30:00,7243
QLD1,2022/09/22 11:30:00,5696
SA1,2022/09/22 11:30:00,533
TAS1,2022/09/22 11:30:00,902
VIC1,2022/09/22 11:30:00,2806
NSW1,2022/09/22 12:00:00,7170
QLD1,2022/09/22 12:00:00,5536
SA1,2022/09/22 12:00:00,485
TAS1,2022/09/22 12:00:00,892
VIC1,2022/09/22 12:00:00,2753
NSW1,2022/09/22 12:30:00,7148
QLD1,2022/09/22 12:30:00,5274
SA1,2022/09/22 12:30:00,450
TAS1,2022/09/22 12:30:00,891
VIC1,2022/09/22 12:30:00,2755
NSW1,2022/09/22 13:00:00,7093
QLD1,2022/09/22 13:00:00,5115
SA1,2022/09/22 13:00:00,442
TAS1,2022/09/22 13:00:00,869
VIC1,2022/09/22 13:00:00,2750
NSW1,2022/09/22 13:30:00,7007
QLD1,2022/09/22 13:30:00,5123
SA1,2022/09/22 13:30:00,482
TAS1,2022/09/22 13:30:00,859
VIC1,2022/09/22 13:30:00,2788
NSW1,2022/09/22 14:00:00,6912
QLD1,2022/09/22 14:00:00,5323
SA1,2022/09/22 14:00:00,519
TAS1,2022/09/22 14:00:00,853
VIC1,2022/09/22 14:00:00,2957
NSW1,2022/09/22 14:30:00,6816
QLD1,2022/09/22 14:30:00,5342
SA1,2022/09/22 14:30:00,597
TAS1,2022/09/22 14:30:00,859
VIC1,2022/09/22 14:30:00,3075
NSW1,2022/09/22 15:00:00,6945
QLD1,2022/09/22 15:00:00,5407
SA1,2022/09/22 15:00:00,639
TAS1,2022/09/22 15:00:00,870
VIC1,2022/09/22 15:00:00,3275
NSW1,2022/09/22 15:30:00,7088
QLD1,2022/09/22 15:30:00,5539
SA1,2022/09/22 15:30:00,566
TAS1,2022/09/22 15:30:00,882
VIC1,2022/09/22 15:30:00,3496
NSW1,2022/09/22 16:00:00,7377
QLD1,2022/09/22 16:00:00,5876
SA1,2022/09/22 16:00:00,663
TAS1,2022/09/22 16:00:00,911
VIC1,2022/09/22 16:00:00,3878
NSW1,2022/09/22 16:30:00,7648
QLD1,2022/09/22 16:30:00,6191
SA1,2022/09/22 16:30:00,803
TAS1,2022/09/22 16:30:00,947
VIC1,2022/09/22 16:30:00,4226
NSW1,2022/09/22 17:00:00,7996
QLD1,2022/09/22 17:00:00,6478
SA1,2022/09/22 17:00:00,949
TAS1,2022/09/22 17:00:00,976
VIC1,2022/09/22 17:00:00,4604
NSW1,2022/09/22 17:30:00,8394
QLD1,2022/09/22 17:30:00,6685
SA1,2022/09/22 17:30:00,1113
TAS1,2022/09/22 17:30:00,1023
VIC1,2022/09/22 17:30:00,4989
NSW1,2022/09/22 18:00:00,8822
QLD1,2022/09/22 18:00:00,6794
SA1,2022/09/22 18:00:00,1365
TAS1,2022/09/22 18:00:00,1073
VIC1,2022/09/22 18:00:00,5229
NSW1,2022/09/22 18:30:00,9115
QLD1,2022/09/22 18:30:00,6892
SA1,2022/09/22 18:30:00,1526
TAS1,2022/09/22 18:30:00,1109
VIC1,2022/09/22 18:30:00,5428
NSW1,2022/09/22 19:00:00,9102
QLD1,2022/09/22 19:00:00,6911
SA1,2022/09/22 19:00:00,1666
TAS1,2022/09/22 19:00:00,1132
VIC1,2022/09/22 19:00:00,5535
NSW1,2022/09/22 19:30:00,8880
QLD1,2022/09/22 19:30:00,6759
SA1,2022/09/22 19:30:00,1722
TAS1,2022/09/22 19:30:00,1112
VIC1,2022/09/22 19:30:00,5515
NSW1,2022/09/22 20:00:00,8673
QLD1,2022/09/22 20:00:00,6703
SA1,2022/09/22 20:00:00,1726
TAS1,2022/09/22 20:00:00,1071
VIC1,2022/09/22 20:00:00,5393
NSW1,2022/09/22 20:30:00,8472
QLD1,2022/09/22 20:30:00,6730
SA1,2022/09/22 20:30:00,1727
TAS1,2022/09/22 20:30:00,1058
VIC1,2022/09/22 20:30:00,5293
NSW1,2022/09/22 21:00:00,8301
QLD1,2022/09/22 21:00:00,6554
SA1,2022/09/22 21:00:00,1694
TAS1,2022/09/22 21:00:00,1038
VIC1,2022/09/22 21:00:00,5225
NSW1,2022/09/22 21:30:00,8110
QLD1,2022/09/22 21:30:00,6336
SA1,2022/09/22 21:30:00,1662
TAS1,2022/09/22 21:30:00,1015
VIC1,2022/09/22 21:30:00,5094
NSW1,2022/09/22 22:00:00,7929
QLD1,2022/09/22 22:00:00,6224
SA1,2022/09/22 22:00:00,1608
TAS1,2022/09/22 22:00:00,988
VIC1,2022/09/22 22:00:00,4988
NSW1,2022/09/22 22:30:00,7904
QLD1,2022/09/22 22:30:00,6048
SA1,2022/09/22 22:30:00,1527
TAS1,2022/09/22 22:30:00,984
VIC1,2022/09/22 22:30:00,4858
NSW1,2022/09/22 23:00:00,7782
QLD1,2022/09/22 23:00:00,5907
SA1,2022/09/22 23:00:00,1475
TAS1,2022/09/22 23:00:00,953
VIC1,2022/09/22 23:00:00,4746
NSW1,2022/09/22 23:30:00,7701
QLD1,2022/09/22 23:30:00,5852
SA1,2022/09/22 23:30:00,1418
TAS1,2022/09/22 23:30:00,930
VIC1,2022/09/22 23:30:00,4885
NSW1,2022/09/23 00:00:00,7655
QLD1,2022/09/23 00:00:00,5729
SA1,2022/09/23 00:00:00,1528
TAS1,2022/09/23 00:00:00,908
VIC1,2022/09/23 00:00:00,4836
NSW1,2022/09/23 00:30:00,7471
QLD1,2022/09/23 00:30:00,5458
SA1,2022/09/23 00:30:00,1510
TAS1,2022/09/23 00:30:00,894
VIC1,2022/09/23 00:30:00,4666
NSW1,2022/09/23 01:00:00,7332
QLD1,2022/09/23 01:00:00,5287
SA1,2022/09/23 01:00:00,1496
TAS1,2022/09/23 01:00:00,882
VIC1,2022/09/23 01:00:00,4527
NSW1,2022/09/23 01:30:00,7144
QLD1,2022/09/23 01:30:00,5269
SA1,2022/09/23 01:30:00,1457
TAS1,2022/09/23 01:30:00,869
VIC1,2022/09/23 01:30:00,4392
NSW1,2022/09/23 02:00:00,6919
QLD1,2022/09/23 02:00:00,5197
SA1,2022/09/23 02:00:00,1418
TAS1,2022/09/23 02:00:00,862
VIC1,2022/09/23 02:00:00,4218
NSW1,2022/09/23 02:30:00,6711
QLD1,2022/09/23 02:30:00,5139
SA1,2022/09/23 02:30:00,1372
TAS1,2022/09/23 02:30:00,869
VIC1,2022/09/23 02:30:00,4115
NSW1,2022/09/23 03:00:00,6459
QLD1,2022/09/23 03:00:00,5109
SA1,2022/09/23 03:00:00,1334
TAS1,2022/09/23 03:00:00,868
VIC1,2022/09/23 03:00:00,4033
NSW1,2022/09/23 03:30:00,6326
QLD1,2022/09/23 03:30:00,5076
SA1,2022/09/23 03:30:00,1302
TAS1,2022/09/23 03:30:00,869
VIC1,2022/09/23 03:30:00,3937
NSW1,2022/09/23 04:00:00,6221
QLD1,2022/09/23 04:00:00,5082
SA1,2022/09/23 04:00:00,1264
TAS1,2022/09/23 04:00:00,871
VIC1,2022/09/23 04:00:00,3919
NSW1,2022/09/23 04:30:00,6227
QLD1,2022/09/23 04:30:00,5144
SA1,2022/09/23 04:30:00,1234
TAS1,2022/09/23 04:30:00,880
VIC1,2022/09/23 04:30:00,3924
NSW1,2022/09/23 05:00:00,6339
QLD1,2022/09/23 05:00:00,5221
SA1,2022/09/23 05:00:00,1244
TAS1,2022/09/23 05:00:00,891
VIC1,2022/09/23 05:00:00,3958
NSW1,2022/09/23 05:30:00,6558
QLD1,2022/09/23 05:30:00,5408
SA1,2022/09/23 05:30:00,1230
TAS1,2022/09/23 05:30:00,917
VIC1,2022/09/23 05:30:00,4043
NSW1,2022/09/23 06:00:00,6785
QLD1,2022/09/23 06:00:00,5546
SA1,2022/09/23 06:00:00,1281
TAS1,2022/09/23 06:00:00,946
VIC1,2022/09/23 06:00:00,4099
NSW1,2022/09/23 06:30:00,7191
QLD1,2022/09/23 06:30:00,5711
SA1,2022/09/23 06:30:00,1332
TAS1,2022/09/23 06:30:00,998
VIC1,2022/09/23 06:30:00,4264
NSW1,2022/09/23 07:00:00,7539
QLD1,2022/09/23 07:00:00,5790
SA1,2022/09/23 07:00:00,1413
TAS1,2022/09/23 07:00:00,1058
VIC1,2022/09/23 07:00:00,4361
NSW1,2022/09/23 07:30:00,7601
QLD1,2022/09/23 07:30:00,5847
SA1,2022/09/23 07:30:00,1440
TAS1,2022/09/23 07:30:00,1121
VIC1,2022/09/23 07:30:00,4383
NSW1,2022/09/23 08:00:00,7698
QLD1,2022/09/23 08:00:00,5795
SA1,2022/09/23 08:00:00,1448
TAS1,2022/09/23 08:00:00,1159
VIC1,2022/09/23 08:00:00,4476
NSW1,2022/09/23 08:30:00,7736
QLD1,2022/09/23 08:30:00,5649
SA1,2022/09/23 08:30:00,1435
TAS1,2022/09/23 08:30:00,1161
VIC1,2022/09/23 08:30:00,4531
NSW1,2022/09/23 09:00:00,7682
QLD1,2022/09/23 09:00:00,5404
SA1,2022/09/23 09:00:00,1362
TAS1,2022/09/23 09:00:00,1142
VIC1,2022/09/23 09:00:00,4487
NSW1,2022/09/23 09:30:00,7688
QLD1,2022/09/23 09:30:00,5174
SA1,2022/09/23 09:30:00,1212
TAS1,2022/09/23 09:30:00,1116
VIC1,2022/09/23 09:30:00,4315
NSW1,2022/09/23 10:00:00,7602
QLD1,2022/09/23 10:00:00,4954
SA1,2022/09/23 10:00:00,1080
TAS1,2022/09/23 10:00:00,1064
VIC1,2022/09/23 10:00:00,4315
NSW1,2022/09/23 10:30:00,7494
QLD1,2022/09/23 10:30:00,4853
SA1,2022/09/23 10:30:00,975
TAS1,2022/09/23 10:30:00,1012
VIC1,2022/09/23 10:30:00,4388
NSW1,2022/09/23 11:00:00,7404
QLD1,2022/09/23 11:00:00,4767
SA1,2022/09/23 11:00:00,848
TAS1,2022/09/23 11:00:00,975
VIC1,2022/09/23 11:00:00,4371
NSW1,2022/09/23 11:30:00,7290
QLD1,2022/09/23 11:30:00,4658
SA1,2022/09/23 11:30:00,787
TAS1,2022/09/23 11:30:00,961
VIC1,2022/09/23 11:30:00,4273
NSW1,2022/09/23 12:00:00,7280
QLD1,2022/09/23 12:00:00,4816
SA1,2022/09/23 12:00:00,815
TAS1,2022/09/23 12:00:00,960
VIC1,2022/09/23 12:00:00,4061
NSW1,2022/09/23 12:30:00,7176
QLD1,2022/09/23 12:30:00,4852
SA1,2022/09/23 12:30:00,766
TAS1,2022/09/23 12:30:00,971
VIC1,2022/09/23 12:30:00,4142
NSW1,2022/09/23 13:00:00,7138
QLD1,2022/09/23 13:00:00,4823
SA1,2022/09/23 13:00:00,738
TAS1,2022/09/23 13:00:00,988
VIC1,2022/09/23 13:00:00,4354
NSW1,2022/09/23 13:30:00,7203
QLD1,2022/09/23 13:30:00,4844
SA1,2022/09/23 13:30:00,794
TAS1,2022/09/23 13:30:00,1037
VIC1,2022/09/23 13:30:00,4463
NSW1,2022/09/23 14:00:00,7242
QLD1,2022/09/23 14:00:00,4894
SA1,2022/09/23 14:00:00,898
TAS1,2022/09/23 14:00:00,1070
VIC1,2022/09/23 14:00:00,4506
NSW1,2022/09/23 14:30:00,7152
QLD1,2022/09/23 14:30:00,5026
SA1,2022/09/23 14:30:00,1059
TAS1,2022/09/23 14:30:00,1105
VIC1,2022/09/23 14:30:00,4563
NSW1,2022/09/23 15:00:00,7140
QLD1,2022/09/23 15:00:00,5051
SA1,2022/09/23 15:00:00,1134
TAS1,2022/09/23 15:00:00,1124
VIC1,2022/09/23 15:00:00,4612
NSW1,2022/09/23 15:30:00,7385
QLD1,2022/09/23 15:30:00,5496
SA1,2022/09/23 15:30:00,1166
TAS1,2022/09/23 15:30:00,1133
VIC1,2022/09/23 15:30:00,4747
NSW1,2022/09/23 16:00:00,7553
QLD1,2022/09/23 16:00:00,5909
SA1,2022/09/23 16:00:00,1211
TAS1,2022/09/23 16:00:00,1151
VIC1,2022/09/23 16:00:00,4861
NSW1,2022/09/23 16:30:00,7824
QLD1,2022/09/23 16:30:00,6322
SA1,2022/09/23 16:30:00,1262
TAS1,2022/09/23 16:30:00,1173
VIC1,2022/09/23 16:30:00,5020
NSW1,2022/09/23 17:00:00,8105
QLD1,2022/09/23 17:00:00,6591
SA1,2022/09/23 17:00:00,1417
TAS1,2022/09/23 17:00:00,1209
VIC1,2022/09/23 17:00:00,5243
NSW1,2022/09/23 17:30:00,8363
QLD1,2022/09/23 17:30:00,6723
SA1,2022/09/23 17:30:00,1490
TAS1,2022/09/23 17:30:00,1242
VIC1,2022/09/23 17:30:00,5399
NSW1,2022/09/23 18:00:00,8712
QLD1,2022/09/23 18:00:00,6799
SA1,2022/09/23 18:00:00,1623
TAS1,2022/09/23 18:00:00,1256
VIC1,2022/09/23 18:00:00,5595
NSW1,2022/09/23 18:30:00,8924
QLD1,2022/09/23 18:30:00,6823
SA1,2022/09/23 18:30:00,1732
TAS1,2022/09/23 18:30:00,1283
VIC1,2022/09/23 18:30:00,5738
NSW1,2022/09/23 19:00:00,8875
QLD1,2022/09/23 19:00:00,6888
SA1,2022/09/23 19:00:00,1820
TAS1,2022/09/23 19:00:00,1282
VIC1,2022/09/23 19:00:00,5809
NSW1,2022/09/23 19:30:00,8700
QLD1,2022/09/23 19:30:00,6741
SA1,2022/09/23 19:30:00,1873
TAS1,2022/09/23 19:30:00,1270
VIC1,2022/09/23 19:30:00,5744
NSW1,2022/09/23 20:00:00,8515
QLD1,2022/09/23 20:00:00,6735
SA1,2022/09/23 20:00:00,1859
TAS1,2022/09/23 20:00:00,1273
VIC1,2022/09/23 20:00:00,5646
NSW1,2022/09/23 20:30:00,8353
QLD1,2022/09/23 20:30:00,6762
SA1,2022/09/23 20:30:00,1838
TAS1,2022/09/23 20:30:00,1289
VIC1,2022/09/23 20:30:00,5530
NSW1,2022/09/23 21:00:00,8198
QLD1,2022/09/23 21:00:00,6578
SA1,2022/09/23 21:00:00,1808
TAS1,2022/09/23 21:00:00,1295
VIC1,2022/09/23 21:00:00,5442
NSW1,2022/09/23 21:30:00,8038
QLD1,2022/09/23 21:30:00,6380
SA1,2022/09/23 21:30:00,1763
TAS1,2022/09/23 21:30:00,1288
VIC1,2022/09/23 21:30:00,5350
NSW1,2022/09/23 22:00:00,7896
QLD1,2022/09/23 22:00:00,6194
SA1,2022/09/23 22:00:00,1698
TAS1,2022/09/23 22:00:00,1260
VIC1,2022/09/23 22:00:00,5190
NSW1,2022/09/23 22:30:00,7941
QLD1,2022/09/23 22:30:00,6074
SA1,2022/09/23 22:30:00,1633
TAS1,2022/09/23 22:30:00,1228
VIC1,2022/09/23 22:30:00,5068
NSW1,2022/09/23 23:00:00,7768
QLD1,2022/09/23 23:00:00,5941
SA1,2022/09/23 23:00:00,1577
TAS1,2022/09/23 23:00:00,1191
VIC1,2022/09/23 23:00:00,4918
NSW1,2022/09/23 23:30:00,7695
QLD1,2022/09/23 23:30:00,5887
SA1,2022/09/23 23:30:00,1524
TAS1,2022/09/23 23:30:00,1156
VIC1,2022/09/23 23:30:00,5011
NSW1,2022/09/24 00:00:00,7663
QLD1,2022/09/24 00:00:00,5727
SA1,2022/09/24 00:00:00,1607
TAS1,2022/09/24 00:00:00,1133
VIC1,2022/09/24 00:00:00,4991
NSW1,2022/09/24 00:30:00,7517
QLD1,2022/09/24 00:30:00,5451
SA1,2022/09/24 00:30:00,1581
TAS1,2022/09/24 00:30:00,1114
VIC1,2022/09/24 00:30:00,4794
NSW1,2022/09/24 01:00:00,7387
QLD1,2022/09/24 01:00:00,5307
SA1,2022/09/24 01:00:00,1560
TAS1,2022/09/24 01:00:00,1092
VIC1,2022/09/24 01:00:00,4636
NSW1,2022/09/24 01:30:00,7140
QLD1,2022/09/24 01:30:00,5274
SA1,2022/09/24 01:30:00,1515
TAS1,2022/09/24 01:30:00,1088
VIC1,2022/09/24 01:30:00,4534
NSW1,2022/09/24 02:00:00,6901
QLD1,2022/09/24 02:00:00,5157
SA1,2022/09/24 02:00:00,1448
TAS1,2022/09/24 02:00:00,1082
VIC1,2022/09/24 02:00:00,4344
NSW1,2022/09/24 02:30:00,6556
QLD1,2022/09/24 02:30:00,5123
SA1,2022/09/24 02:30:00,1412
TAS1,2022/09/24 02:30:00,1085
VIC1,2022/09/24 02:30:00,4231
NSW1,2022/09/24 03:00:00,6356
QLD1,2022/09/24 03:00:00,5076
SA1,2022/09/24 03:00:00,1352
TAS1,2022/09/24 03:00:00,1082
VIC1,2022/09/24 03:00:00,4142
NSW1,2022/09/24 03:30:00,6193
QLD1,2022/09/24 03:30:00,5042
SA1,2022/09/24 03:30:00,1309
TAS1,2022/09/24 03:30:00,1090
VIC1,2022/09/24 03:30:00,4061
NSW1,2022/09/24 04:00:00,6072
QLD1,2022/09/24 04:00:00,5014
SA1,2022/09/24 04:00:00,1278
TAS1,2022/09/24 04:00:00,1096
VIC1,2022/09/24 04:00:00,4044
NSW1,2022/09/24 04:30:00,6078
QLD1,2022/09/24 04:30:00,5044
SA1,2022/09/24 04:30:00,1254
TAS1,2022/09/24 04:30:00,1091
VIC1,2022/09/24 04:30:00,4036
NSW1,2022/09/24 05:00:00,6093
QLD1,2022/09/24 05:00:00,5116
SA1,2022/09/24 05:00:00,1255
TAS1,2022/09/24 05:00:00,1102
VIC1,2022/09/24 05:00:00,4052
NSW1,2022/09/24 05:30:00,6195
QLD1,2022/09/24 05:30:00,5202
SA1,2022/09/24 05:30:00,1257
TAS1,2022/09/24 05:30:00,1127
VIC1,2022/09/24 05:30:00,4094
NSW1,2022/09/24 06:00:00,6302
QLD1,2022/09/24 06:00:00,5233
SA1,2022/09/24 06:00:00,1281
TAS1,2022/09/24 06:00:00,1139
VIC1,2022/09/24 06:00:00,4202
NSW1,2022/09/24 06:30:00,6418
QLD1,2022/09/24 06:30:00,5206
SA1,2022/09/24 06:30:00,1298
TAS1,2022/09/24 06:30:00,1153
VIC1,2022/09/24 06:30:00,4310
NSW1,2022/09/24 07:00:00,6505
QLD1,2022/09/24 07:00:00,5093
SA1,2022/09/24 07:00:00,1317
TAS1,2022/09/24 07:00:00,1204
VIC1,2022/09/24 07:00:00,4351
NSW1,2022/09/24 07:30:00,6536
QLD1,2022/09/24 07:30:00,4930
SA1,2022/09/24 07:30:00,1291
TAS1,2022/09/24 07:30:00,1226
VIC1,2022/09/24 07:30:00,4237
NSW1,2022/09/24 08:00:00,6606
QLD1,2022/09/24 08:00:00,4734
SA1,2022/09/24 08:00:00,1202
TAS1,2022/09/24 08:00:00,1287
VIC1,2022/09/24 08:00:00,4108
NSW1,2022/09/24 08:30:00,6685
QLD1,2022/09/24 08:30:00,4521
SA1,2022/09/24 08:30:00,1064
TAS1,2022/09/24 08:30:00,1309
VIC1,2022/09/24 08:30:00,3953
NSW1,2022/09/24 09:00:00,6510
QLD1,2022/09/24 09:00:00,4283
SA1,2022/09/24 09:00:00,925
TAS1,2022/09/24 09:00:00,1352
VIC1,2022/09/24 09:00:00,3774
NSW1,2022/09/24 09:30:00,6413
QLD1,2022/09/24 09:30:00,4119
SA1,2022/09/24 09:30:00,784
TAS1,2022/09/24 09:30:00,1362
VIC1,2022/09/24 09:30:00,3674
NSW1,2022/09/24 10:00:00,6328
QLD1,2022/09/24 10:00:00,3958
SA1,2022/09/24 10:00:00,668
TAS1,2022/09/24 10:00:00,1374
VIC1,2022/09/24 10:00:00,3512
NSW1,2022/09/24 10:30:00,6349
QLD1,2022/09/24 10:30:00,3866
SA1,2022/09/24 10:30:00,543
TAS1,2022/09/24 10:30:00,1363
VIC1,2022/09/24 10:30:00,3363
NSW1,2022/09/24 11:00:00,6264
QLD1,2022/09/24 11:00:00,3759
SA1,2022/09/24 11:00:00,495
TAS1,2022/09/24 11:00:00,1326
VIC1,2022/09/24 11:00:00,3188
NSW1,2022/09/24 11:30:00,6298
QLD1,2022/09/24 11:30:00,3746
SA1,2022/09/24 11:30:00,413
TAS1,2022/09/24 11:30:00,1311
VIC1,2022/09/24 11:30:00,3102
NSW1,2022/09/24 12:00:00,6283
QLD1,2022/09/24 12:00:00,3785
SA1,2022/09/24 12:00:00,355
TAS1,2022/09/24 12:00:00,1258
VIC1,2022/09/24 12:00:00,3107
NSW1,2022/09/24 12:30:00,6361
QLD1,2022/09/24 12:30:00,3859
SA1,2022/09/24 12:30:00,292
TAS1,2022/09/24 12:30:00,1262
VIC1,2022/09/24 12:30:00,3038
NSW1,2022/09/24 13:00:00,6614
QLD1,2022/09/24 13:00:00,3946
SA1,2022/09/24 13:00:00,236
TAS1,2022/09/24 13:00:00,1228
VIC1,2022/09/24 13:00:00,3028
NSW1,2022/09/24 13:30:00,6657
QLD1,2022/09/24 13:30:00,3996
SA1,2022/09/24 13:30:00,206
TAS1,2022/09/24 13:30:00,1199
VIC1,2022/09/24 13:30:00,3001
NSW1,2022/09/24 14:00:00,6796
QLD1,2022/09/24 14:00:00,4120
SA1,2022/09/24 14:00:00,195
TAS1,2022/09/24 14:00:00,1211
VIC1,2022/09/24 14:00:00,3070
NSW1,2022/09/24 14:30:00,6589
QLD1,2022/09/24 14:30:00,4327
SA1,2022/09/24 14:30:00,229
TAS1,2022/09/24 14:30:00,1223
VIC1,2022/09/24 14:30:00,3144
NSW1,2022/09/24 15:00:00,6437
QLD1,2022/09/24 15:00:00,4576
SA1,2022/09/24 15:00:00,275
TAS1,2022/09/24 15:00:00,1213
VIC1,2022/09/24 15:00:00,3247
NSW1,2022/09/24 15:30:00,6539
QLD1,2022/09/24 15:30:00,4881
SA1,2022/09/24 15:30:00,339
TAS1,2022/09/24 15:30:00,1202
VIC1,2022/09/24 15:30:00,3407
NSW1,2022/09/24 16:00:00,6767
QLD1,2022/09/24 16:00:00,5261
SA1,2022/09/24 16:00:00,444
TAS1,2022/09/24 16:00:00,1212
VIC1,2022/09/24 16:00:00,3637
NSW1,2022/09/24 16:30:00,7082
QLD1,2022/09/24 16:30:00,5637
SA1,2022/09/24 16:30:00,569
TAS1,2022/09/24 16:30:00,1206
VIC1,2022/09/24 16:30:00,3889
NSW1,2022/09/24 17:00:00,7474
QLD1,2022/09/24 17:00:00,6032
SA1,2022/09/24 17:00:00,744
TAS1,2022/09/24 17:00:00,1234
VIC1,2022/09/24 17:00:00,4230
NSW1,2022/09/24 17:30:00,7759
QLD1,2022/09/24 17:30:00,6300
SA1,2022/09/24 17:30:00,955
TAS1,2022/09/24 17:30:00,1263
VIC1,2022/09/24 17:30:00,4621
NSW1,2022/09/24 18:00:00,8133
QLD1,2022/09/24 18:00:00,6450
SA1,2022/09/24 18:00:00,1200
TAS1,2022/09/24 18:00:00,1307
VIC1,2022/09/24 18:00:00,4987
NSW1,2022/09/24 18:30:00,8446
QLD1,2022/09/24 18:30:00,6602
SA1,2022/09/24 18:30:00,1418
TAS1,2022/09/24 18:30:00,1356
VIC1,2022/09/24 18:30:00,5413
NSW1,2022/09/24 19:00:00,8532
QLD1,2022/09/24 19:00:00,6675
SA1,2022/09/24 19:00:00,1571
TAS1,2022/09/24 19:00:00,1367
VIC1,2022/09/24 19:00:00,5673
NSW1,2022/09/24 19:30:00,8423
QLD1,2022/09/24 19:30:00,6538
SA1,2022/09/24 19:30:00,1670
TAS1,2022/09/24 19:30:00,1352
VIC1,2022/09/24 19:30:00,5724
NSW1,2022/09/24 20:00:00,8272
QLD1,2022/09/24 20:00:00,6504
SA1,2022/09/24 20:00:00,1691
TAS1,2022/09/24 20:00:00,1337
VIC1,2022/09/24 20:00:00,5638
NSW1,2022/09/24 20:30:00,8149
QLD1,2022/09/24 20:30:00,6449
SA1,2022/09/24 20:30:00,1675
TAS1,2022/09/24 20:30:00,1328
VIC1,2022/09/24 20:30:00,5613
NSW1,2022/09/24 21:00:00,8063
QLD1,2022/09/24 21:00:00,6327
SA1,2022/09/24 21:00:00,1650
TAS1,2022/09/24 21:00:00,1320
VIC1,2022/09/24 21:00:00,5513
NSW1,2022/09/24 21:30:00,7939
QLD1,2022/09/24 21:30:00,6173
SA1,2022/09/24 21:30:00,1624
TAS1,2022/09/24 21:30:00,1308
VIC1,2022/09/24 21:30:00,5450
NSW1,2022/09/24 22:00:00,7824
QLD1,2022/09/24 22:00:00,6034
SA1,2022/09/24 22:00:00,1594
TAS1,2022/09/24 22:00:00,1278
VIC1,2022/09/24 22:00:00,5326
NSW1,2022/09/24 22:30:00,7798
QLD1,2022/09/24 22:30:00,5911
SA1,2022/09/24 22:30:00,1553
TAS1,2022/09/24 22:30:00,1248
VIC1,2022/09/24 22:30:00,5220
NSW1,2022/09/24 23:00:00,7667
QLD1,2022/09/24 23:00:00,5764
SA1,2022/09/24 23:00:00,1478
TAS1,2022/09/24 23:00:00,1212
VIC1,2022/09/24 23:00:00,5083
NSW1,2022/09/24 23:30:00,7561
QLD1,2022/09/24 23:30:00,5694
SA1,2022/09/24 23:30:00,1428
TAS1,2022/09/24 23:30:00,1184
VIC1,2022/09/24 23:30:00,5137
